feature,importance
PAY_0,0.40503370942633254
PAY_2,0.1742997947578022
PAY_3,0.11134508309322041
PAY_4,0.08700776597614354
PAY_5,0.050716521961298576
PAY_6,0.04640973064940028
LIMIT_BAL,0.04076462873604706
AGE,0.01672556817555586
BILL_AMT1,0.01621274045331091
EDUCATION,0.015649792158630466
PAY_AMT1,0.013455725705548632
SEX,0.011752077336620868
MARRIAGE,0.010626861570088741
