feature,importance
PAY_0,0.368058778401748
PAY_2,0.19375142388090683
PAY_3,0.11001760650947848
PAY_4,0.09519629261837564
PAY_5,0.05823706384398167
LIMIT_BAL,0.046570063555065745
PAY_6,0.04008987371083262
BILL_AMT1,0.01834616162618425
AGE,0.017795647673352087
EDUCATION,0.01506890155009099
MARRIAGE,0.012618700545506541
PAY_AMT1,0.012494526703499407
SEX,0.011754959380977639
