feature,importance
PAY_0,0.3269288798479601
PAY_2,0.18536122777562156
BILL_AMT1,0.10723199412119724
PAY_AMT1,0.07374510957988081
LIMIT_BAL,0.06916917785489343
AGE,0.06373634966749828
PAY_3,0.042935743544382746
PAY_4,0.03417108554225441
PAY_6,0.029485046482950476
PAY_5,0.028319446952766735
EDUCATION,0.018920223455363636
MARRIAGE,0.010492924441015848
SEX,0.00950279073421477
