feature,importance
PAY_0,0.35170591483113867
PAY_2,0.16230308743266794
BILL_AMT1,0.10593393270396113
LIMIT_BAL,0.06965450340142475
PAY_AMT1,0.06816262371870842
AGE,0.06090818593886744
PAY_3,0.05938551483579452
PAY_4,0.03084233886684432
PAY_5,0.03075357030293118
PAY_6,0.023094976325612585
EDUCATION,0.017653033523041522
SEX,0.009956987283734618
MARRIAGE,0.009645330835273169
