feature,importance
PAY_0,0.46248798173931727
PAY_2,0.13517517134561197
PAY_3,0.08840635881475585
BILL_AMT1,0.06609263244945233
PAY_AMT1,0.0541942987400602
LIMIT_BAL,0.04771759246954057
PAY_4,0.03998340581717572
AGE,0.032492267600703284
PAY_5,0.028079484792418334
PAY_6,0.023620386647749698
EDUCATION,0.011975998119650711
SEX,0.004931642202805898
MARRIAGE,0.004842779260758398
