feature,importance
PAY_0,0.3696538189371323
PAY_2,0.1279533563491123
BILL_AMT1,0.10331244512367396
PAY_3,0.07218903789154937
PAY_AMT1,0.06901365264560944
LIMIT_BAL,0.06733298922755887
AGE,0.061245225735720936
PAY_4,0.03478635021085881
PAY_5,0.03179684212672779
PAY_6,0.02395893977491446
EDUCATION,0.01831080483309414
MARRIAGE,0.010443281686814798
SEX,0.010003255457232638
