feature,importance
PAY_0,0.3469002191315647
PAY_2,0.1508478620838417
BILL_AMT1,0.10858897263275992
PAY_AMT1,0.07105053326847176
LIMIT_BAL,0.06932013451304296
AGE,0.06329759117451707
PAY_3,0.06252110321980127
PAY_4,0.03426535655087203
PAY_5,0.031657500278281195
PAY_6,0.02369738377114938
EDUCATION,0.017739402529174074
MARRIAGE,0.010344865674510748
SEX,0.009769075172013255
