feature,importance
PAY_0,0.47937431325713553
PAY_2,0.1330891413967043
PAY_3,0.08292049564177838
BILL_AMT1,0.06980066798117114
PAY_AMT1,0.0576831853299594
LIMIT_BAL,0.045346954228298327
PAY_4,0.03838078915652551
AGE,0.03325690764838954
PAY_5,0.020136234510051802
PAY_6,0.019845303729909815
EDUCATION,0.010050804866002678
SEX,0.005075467924377542
MARRIAGE,0.005039734329696135
